{
 "Device" : "GW1NR-9C",
 "Files" : [
  {
   "Path" : "C:/Gowin/projects/KRV32_new_counter/src/cpu.v",
   "Type" : "verilog"
  },
  {
   "Path" : "C:/Gowin/projects/KRV32_new_counter/src/progmem.v",
   "Type" : "verilog"
  },
  {
   "Path" : "C:/Gowin/projects/KRV32_new_counter/src/top.v",
   "Type" : "verilog"
  }
 ],
 "IncludePath" : [

 ],
 "LoopLimit" : 2000,
 "ResultFile" : "C:/Gowin/projects/KRV32_new_counter/impl/temp/rtl_parser.result",
 "Top" : "",
 "VerilogStd" : "verilog_2001",
 "VhdlStd" : "vhdl_93"
}