{
 "Device" : "GW1NR-9C",
 "Files" : [
  {
   "Path" : "C:/Gowin/Gowin_V1.9.9.03_Education_x64/IDE/bin/Documents/cpu_v04/src/cpu.v",
   "Type" : "verilog"
  },
  {
   "Path" : "C:/Gowin/Gowin_V1.9.9.03_Education_x64/IDE/bin/Documents/cpu_v04/src/mode.v",
   "Type" : "verilog"
  }
 ],
 "IncludePath" : [

 ],
 "LoopLimit" : 2000,
 "ResultFile" : "C:/Gowin/Gowin_V1.9.9.03_Education_x64/IDE/bin/Documents/cpu_v04/impl/temp/rtl_parser.result",
 "Top" : "",
 "VerilogStd" : "verilog_2001",
 "VhdlStd" : "vhdl_93"
}