<?xml version="1.0" encoding="UTF-8"?>
<Module name="top" Lut="133" T_Register="238(0)" T_Alu="98(0)" T_Lut="1411(133)" T_Bsram="6(0)">
 <SubModule name="mem0" Lut="8" Bsram="4" T_Lut="8(8)" T_Bsram="4(4)"/>
 <SubModule name="KRV32" Register="65" Alu="95" Lut="1079" Bsram="2" T_Register="65(65)" T_Alu="95(95)" T_Lut="1079(1079)" T_Bsram="2(2)"/>
 <SubModule name="gpio_unit" Register="64" Lut="36" T_Register="64(64)" T_Lut="36(36)"/>
 <SubModule name="uart_tx_unit" Register="1" Lut="1" T_Register="46(1)" T_Lut="64(1)">
  <SubModule name="uart_regs_tx_u0" Register="21" Lut="24" T_Register="21(21)" T_Lut="24(24)"/>
  <SubModule name="uart_transmitter_u1" Register="24" Lut="39" T_Register="24(24)" T_Lut="39(39)"/>
 </SubModule>
 <SubModule name="uart_rx_unit" Register="1" Lut="1" T_Register="63(1)" T_Alu="3(0)" T_Lut="91(1)">
  <SubModule name="rx_regs_interface_u1" Register="21" Lut="30" T_Register="21(21)" T_Lut="30(30)"/>
  <SubModule name="uart_receiver_u1" Register="41" Alu="3" Lut="60" T_Register="41(41)" T_Alu="3(3)" T_Lut="60(60)"/>
 </SubModule>
</Module>
