{
 "Device" : "GW1NR-9C",
 "Files" : [
  {
   "Path" : "C:/Gowin/projects/KRV32_SoC_V2/src/cpu.v",
   "Type" : "verilog"
  },
  {
   "Path" : "C:/Gowin/projects/KRV32_SoC_V2/src/led_gpio_ip.v",
   "Type" : "verilog"
  },
  {
   "Path" : "C:/Gowin/projects/KRV32_SoC_V2/src/progmem.v",
   "Type" : "verilog"
  },
  {
   "Path" : "C:/Gowin/projects/KRV32_SoC_V2/src/regs_uart_rx.v",
   "Type" : "verilog"
  },
  {
   "Path" : "C:/Gowin/projects/KRV32_SoC_V2/src/regs_uart_tx.v",
   "Type" : "verilog"
  },
  {
   "Path" : "C:/Gowin/projects/KRV32_SoC_V2/src/top.v",
   "Type" : "verilog"
  },
  {
   "Path" : "C:/Gowin/projects/KRV32_SoC_V2/src/uart_ip.v",
   "Type" : "verilog"
  },
  {
   "Path" : "C:/Gowin/projects/KRV32_SoC_V2/src/uart_ip_rx.v",
   "Type" : "verilog"
  },
  {
   "Path" : "C:/Gowin/projects/KRV32_SoC_V2/src/uart_rx.v",
   "Type" : "verilog"
  },
  {
   "Path" : "C:/Gowin/projects/KRV32_SoC_V2/src/uart_tx.v",
   "Type" : "verilog"
  }
 ],
 "IncludePath" : [

 ],
 "LoopLimit" : 2000,
 "ResultFile" : "C:/Gowin/projects/KRV32_SoC_V2/impl/temp/rtl_parser.result",
 "Top" : "",
 "VerilogStd" : "verilog_2001",
 "VhdlStd" : "vhdl_93"
}