<?xml version="1.0" encoding="UTF-8"?>
<GenRun Id="synth_1" LaunchPart="xc7a100tcsg324-1" LaunchTime="1747287671" LaunchIncrCheckpoint="$PSRCDIR/utils_1/imports/synth_1/top.dcp">
  <File Type="PA-TCL" Name="top.tcl"/>
  <File Type="REPORTS-TCL" Name="top_reports.tcl"/>
  <File Type="RDS-RDS" Name="top.vds"/>
  <File Type="RDS-PROPCONSTRS" Name="top_drc_synth.rpt"/>
  <File Type="RDS-UTIL" Name="top_utilization_synth.rpt"/>
  <File Type="RDS-UTIL-PB" Name="top_utilization_synth.pb"/>
  <File Type="RDS-DCP" Name="top.dcp"/>
  <File Type="VDS-TIMINGSUMMARY" Name="top_timing_summary_synth.rpt"/>
  <File Type="VDS-TIMING-PB" Name="top_timing_summary_synth.pb"/>
  <FileSet Name="sources" Type="DesignSrcs" RelSrcDir="$PSRCDIR/sources_1" RelGenDir="$PGENDIR/sources_1">
    <Filter Type="Srcs"/>
    <File Path="$PSRCDIR/sources_1/imports/src/cpu.v">
      <FileInfo>
        <Attr Name="ImportPath" Val="$PPRDIR/../../../Gowin/projects/KRV32_SoC_V1/src/cpu.v"/>
        <Attr Name="ImportTime" Val="1746380264"/>
        <Attr Name="UsedIn" Val="synthesis"/>
        <Attr Name="UsedIn" Val="implementation"/>
        <Attr Name="UsedIn" Val="simulation"/>
      </FileInfo>
    </File>
    <File Path="$PSRCDIR/sources_1/imports/src/gpio_ip.v">
      <FileInfo>
        <Attr Name="ImportPath" Val="$PPRDIR/../../../Gowin/projects/KRV32_SoC_V1/src/gpio_ip.v"/>
        <Attr Name="ImportTime" Val="1746208001"/>
        <Attr Name="UsedIn" Val="synthesis"/>
        <Attr Name="UsedIn" Val="implementation"/>
        <Attr Name="UsedIn" Val="simulation"/>
      </FileInfo>
    </File>
    <File Path="$PSRCDIR/sources_1/imports/src/progmem.v">
      <FileInfo>
        <Attr Name="ImportPath" Val="$PPRDIR/../../../Gowin/projects/KRV32_SoC_V1/src/progmem.v"/>
        <Attr Name="ImportTime" Val="1746166662"/>
        <Attr Name="UsedIn" Val="synthesis"/>
        <Attr Name="UsedIn" Val="implementation"/>
        <Attr Name="UsedIn" Val="simulation"/>
      </FileInfo>
    </File>
    <File Path="$PSRCDIR/sources_1/imports/projects/KRV32_SoC_V3_pwm/src/pwm.v">
      <FileInfo>
        <Attr Name="ImportPath" Val="$PPRDIR/../../../Gowin/projects/KRV32_SoC_V3_pwm/src/pwm.v"/>
        <Attr Name="ImportTime" Val="1747055319"/>
        <Attr Name="UsedIn" Val="synthesis"/>
        <Attr Name="UsedIn" Val="implementation"/>
        <Attr Name="UsedIn" Val="simulation"/>
      </FileInfo>
    </File>
    <File Path="$PSRCDIR/sources_1/imports/projects/KRV32_SoC_V3_pwm/src/pwm_ip.v">
      <FileInfo>
        <Attr Name="ImportPath" Val="$PPRDIR/../../../Gowin/projects/KRV32_SoC_V3_pwm/src/pwm_ip.v"/>
        <Attr Name="ImportTime" Val="1747072780"/>
        <Attr Name="UsedIn" Val="synthesis"/>
        <Attr Name="UsedIn" Val="implementation"/>
        <Attr Name="UsedIn" Val="simulation"/>
      </FileInfo>
    </File>
    <File Path="$PSRCDIR/sources_1/imports/projects/KRV32_SoC_V3_pwm/src/regs_pwm.v">
      <FileInfo>
        <Attr Name="ImportPath" Val="$PPRDIR/../../../Gowin/projects/KRV32_SoC_V3_pwm/src/regs_pwm.v"/>
        <Attr Name="ImportTime" Val="1747072451"/>
        <Attr Name="UsedIn" Val="synthesis"/>
        <Attr Name="UsedIn" Val="implementation"/>
        <Attr Name="UsedIn" Val="simulation"/>
      </FileInfo>
    </File>
    <File Path="$PSRCDIR/sources_1/imports/src/regs_uart.v">
      <FileInfo>
        <Attr Name="ImportPath" Val="$PPRDIR/../../../Gowin/projects/KRV32_SoC_V1/src/regs_uart.v"/>
        <Attr Name="ImportTime" Val="1746208017"/>
        <Attr Name="UsedIn" Val="synthesis"/>
        <Attr Name="UsedIn" Val="implementation"/>
        <Attr Name="UsedIn" Val="simulation"/>
      </FileInfo>
    </File>
    <File Path="$PSRCDIR/sources_1/imports/projects/KRV32_SoC_V2/src/regs_uart_rx.v">
      <FileInfo>
        <Attr Name="ImportPath" Val="$PPRDIR/../../../Gowin/projects/KRV32_SoC_V2/src/regs_uart_rx.v"/>
        <Attr Name="ImportTime" Val="1746942314"/>
        <Attr Name="UsedIn" Val="synthesis"/>
        <Attr Name="UsedIn" Val="implementation"/>
        <Attr Name="UsedIn" Val="simulation"/>
      </FileInfo>
    </File>
    <File Path="$PSRCDIR/sources_1/imports/src/uart_ip.v">
      <FileInfo>
        <Attr Name="ImportPath" Val="$PPRDIR/../../../Gowin/projects/KRV32_SoC_V1/src/uart_ip.v"/>
        <Attr Name="ImportTime" Val="1746379511"/>
        <Attr Name="UsedIn" Val="synthesis"/>
        <Attr Name="UsedIn" Val="implementation"/>
        <Attr Name="UsedIn" Val="simulation"/>
      </FileInfo>
    </File>
    <File Path="$PSRCDIR/sources_1/imports/projects/KRV32_SoC_V2/src/uart_ip_rx.v">
      <FileInfo>
        <Attr Name="ImportPath" Val="$PPRDIR/../../../Gowin/projects/KRV32_SoC_V2/src/uart_ip_rx.v"/>
        <Attr Name="ImportTime" Val="1746942478"/>
        <Attr Name="UsedIn" Val="synthesis"/>
        <Attr Name="UsedIn" Val="implementation"/>
        <Attr Name="UsedIn" Val="simulation"/>
      </FileInfo>
    </File>
    <File Path="$PSRCDIR/sources_1/imports/projects/KRV32_SoC_V2/src/uart_rx.v">
      <FileInfo>
        <Attr Name="ImportPath" Val="$PPRDIR/../../../Gowin/projects/KRV32_SoC_V2/src/uart_rx.v"/>
        <Attr Name="ImportTime" Val="1746942513"/>
        <Attr Name="UsedIn" Val="synthesis"/>
        <Attr Name="UsedIn" Val="implementation"/>
        <Attr Name="UsedIn" Val="simulation"/>
      </FileInfo>
    </File>
    <File Path="$PSRCDIR/sources_1/imports/src/uart_tx.v">
      <FileInfo>
        <Attr Name="ImportPath" Val="$PPRDIR/../../../Gowin/projects/KRV32_SoC_V1/src/uart_tx.v"/>
        <Attr Name="ImportTime" Val="1746167988"/>
        <Attr Name="UsedIn" Val="synthesis"/>
        <Attr Name="UsedIn" Val="implementation"/>
        <Attr Name="UsedIn" Val="simulation"/>
      </FileInfo>
    </File>
    <File Path="$PSRCDIR/sources_1/imports/src/top.v">
      <FileInfo>
        <Attr Name="ImportPath" Val="$PPRDIR/../../../Gowin/projects/KRV32_SoC_V1/src/top.v"/>
        <Attr Name="ImportTime" Val="1746380333"/>
        <Attr Name="UsedIn" Val="synthesis"/>
        <Attr Name="UsedIn" Val="implementation"/>
        <Attr Name="UsedIn" Val="simulation"/>
      </FileInfo>
    </File>
    <File Path="$PSRCDIR/sources_1/new/firmware.mem">
      <FileInfo>
        <Attr Name="UsedIn" Val="synthesis"/>
        <Attr Name="UsedIn" Val="simulation"/>
      </FileInfo>
    </File>
    <Config>
      <Option Name="DesignMode" Val="RTL"/>
      <Option Name="TopModule" Val="top"/>
      <Option Name="TopAutoSet" Val="TRUE"/>
    </Config>
  </FileSet>
  <FileSet Name="constrs_in" Type="Constrs" RelSrcDir="$PSRCDIR/constrs_1" RelGenDir="$PGENDIR/constrs_1">
    <Filter Type="Constrs"/>
    <File Path="$PSRCDIR/constrs_1/new/krv32.xdc">
      <FileInfo>
        <Attr Name="UsedIn" Val="synthesis"/>
        <Attr Name="UsedIn" Val="implementation"/>
      </FileInfo>
    </File>
    <Config>
      <Option Name="TargetConstrsFile" Val="$PSRCDIR/constrs_1/new/krv32.xdc"/>
      <Option Name="ConstrsType" Val="XDC"/>
    </Config>
  </FileSet>
  <FileSet Name="utils" Type="Utils" RelSrcDir="$PSRCDIR/utils_1" RelGenDir="$PGENDIR/utils_1">
    <Filter Type="Utils"/>
    <File Path="$PSRCDIR/utils_1/imports/synth_1/top.dcp">
      <FileInfo>
        <Attr Name="UsedIn" Val="synthesis"/>
        <Attr Name="UsedIn" Val="implementation"/>
        <Attr Name="UsedInSteps" Val="synth_1"/>
        <Attr Name="AutoDcp" Val="1"/>
      </FileInfo>
    </File>
    <Config>
      <Option Name="TopAutoSet" Val="TRUE"/>
    </Config>
  </FileSet>
  <Strategy Version="1" Minor="2">
    <StratHandle Name="Flow_RuntimeOptimized" Flow="Vivado Synthesis 2024"/>
    <Step Id="synth_design">
      <Option Id="Directive">0</Option>
      <Option Id="FlattenHierarchy">1</Option>
      <Option Id="FsmExtraction">0</Option>
    </Step>
  </Strategy>
</GenRun>
