<?xml version="1.0" encoding="UTF-8"?>
<GenRun Id="impl_1" LaunchPart="xc7a100tcsg324-1" LaunchTime="1747287920">
  <File Type="PA-TCL" Name="top.tcl"/>
  <File Type="REPORTS-TCL" Name="top_reports.tcl"/>
  <File Type="INIT-TIMING" Name="top_timing_summary_init.rpt"/>
  <File Type="OPT-DCP" Name="top_opt.dcp"/>
  <File Type="OPT-DRC" Name="opt_report_drc_0.rpt"/>
  <File Type="OPT-METHODOLOGY-DRC" Name="opt_report_methodology_0.rpt"/>
  <File Type="OPT-HWDEF" Name="top.hwdef"/>
  <File Type="OPT-TIMING" Name="opt_report_timing_summary_0.rpt"/>
  <File Type="OPT-RQA-PB" Name="opt_report_qor_assessment_0.pb"/>
  <File Type="PWROPT-DCP" Name="top_pwropt.dcp"/>
  <File Type="PWROPT-DRC" Name="top_drc_pwropted.rpt"/>
  <File Type="PWROPT-TIMING" Name="top_timing_summary_pwropted.rpt"/>
  <File Type="PLACE-DCP" Name="top_placed.dcp"/>
  <File Type="PLACE-IO" Name="place_report_io_0.rpt"/>
  <File Type="PLACE-CLK" Name="top_clock_utilization_placed.rpt"/>
  <File Type="PLACE-UTIL" Name="top_utilization_placed.rpt"/>
  <File Type="PLACE-UTIL-PB" Name="top_utilization_placed.pb"/>
  <File Type="PLACE-CTRL" Name="top_control_sets_placed.rpt"/>
  <File Type="PLACE-SIMILARITY" Name="place_report_incremental_reuse_0.rpt"/>
  <File Type="PLACE-PRE-SIMILARITY" Name="top_incremental_reuse_pre_placed.rpt"/>
  <File Type="PLACE-TIMING" Name="place_report_timing_summary_0.rpt"/>
  <File Type="PLACE-RQA-PB" Name="place_report_qor_assessment_0.pb"/>
  <File Type="POSTPLACE-PWROPT-DCP" Name="top_postplace_pwropt.dcp"/>
  <File Type="POSTPLACE-PWROPT-TIMING" Name="top_timing_summary_postplace_pwropted.rpt"/>
  <File Type="PHYSOPT-DCP" Name="top_physopt.dcp"/>
  <File Type="PHYSOPT-DRC" Name="top_drc_physopted.rpt"/>
  <File Type="PHYSOPT-TIMING" Name="phys_opt_report_timing_summary_0.rpt"/>
  <File Type="ROUTE-ERROR-DCP" Name="top_routed_error.dcp"/>
  <File Type="ROUTE-DCP" Name="top_routed.dcp"/>
  <File Type="ROUTE-BLACKBOX-DCP" Name="top_routed_bb.dcp"/>
  <File Type="ROUTE-DRC" Name="route_report_drc_0.rpt"/>
  <File Type="ROUTE-DRC-PB" Name="route_report_drc_0.pb"/>
  <File Type="ROUTE-DRC-RPX" Name="route_report_drc_0.rpx"/>
  <File Type="ROUTE-METHODOLOGY-DRC" Name="top_methodology_drc_routed.rpt"/>
  <File Type="ROUTE-METHODOLOGY-DRC-RPX" Name="top_methodology_drc_routed.rpx"/>
  <File Type="ROUTE-METHODOLOGY-DRC-PB" Name="top_methodology_drc_routed.pb"/>
  <File Type="ROUTE-PWR" Name="route_report_power_0.rpt"/>
  <File Type="ROUTE-PWR-SUM" Name="route_report_power_summary_0.pb"/>
  <File Type="ROUTE-PWR-RPX" Name="route_report_power_0.rpx"/>
  <File Type="ROUTE-STATUS" Name="route_report_route_status_0.rpt"/>
  <File Type="ROUTE-STATUS-PB" Name="route_report_route_status_0.pb"/>
  <File Type="ROUTE-TIMINGSUMMARY" Name="route_report_timing_summary_0.rpt"/>
  <File Type="ROUTE-TIMING-PB" Name="top_timing_summary_routed.pb"/>
  <File Type="ROUTE-TIMING-RPX" Name="route_report_timing_summary_0.rpx"/>
  <File Type="ROUTE-SIMILARITY" Name="route_report_incremental_reuse_0.rpt"/>
  <File Type="ROUTE-CLK" Name="route_report_clock_utilization_0.rpt"/>
  <File Type="ROUTE-BUS-SKEW" Name="route_report_bus_skew_0.rpt"/>
  <File Type="ROUTE-BUS-SKEW-PB" Name="route_report_bus_skew_0.pb"/>
  <File Type="ROUTE-BUS-SKEW-RPX" Name="route_report_bus_skew_0.rpx"/>
  <File Type="ROUTE-RQS-PB" Name="route_report_qor_suggestions_0.pb"/>
  <File Type="POSTROUTE-PHYSOPT-DCP" Name="top_postroute_physopt.dcp"/>
  <File Type="POSTROUTE-PHYSOPT-BLACKBOX-DCP" Name="top_postroute_physopt_bb.dcp"/>
  <File Type="POSTROUTE-PHYSOPT-TIMING" Name="post_route_phys_opt_report_timing_summary_0.rpt"/>
  <File Type="POSTROUTE-PHYSOPT-TIMING-PB" Name="post_route_phys_opt_report_timing_summary_0.pb"/>
  <File Type="POSTROUTE-PHYSOPT-TIMING-RPX" Name="post_route_phys_opt_report_timing_summary_0.rpx"/>
  <File Type="POSTROUTE-PHYSOPT-BUS-SKEW" Name="post_route_phys_opt_report_bus_skew_0.rpt"/>
  <File Type="POSTROUTE-PHYSOPT-BUS-SKEW-PB" Name="post_route_phys_opt_report_bus_skew_0.pb"/>
  <File Type="POSTROUTE-PHYSOPT-BUS-SKEW-RPX" Name="post_route_phys_opt_report_bus_skew_0.rpx"/>
  <File Type="BG-BIT" Name="top.bit"/>
  <File Type="BG-BIN" Name="top.bin"/>
  <File Type="BITSTR-MSK" Name="top.msk"/>
  <File Type="BITSTR-RBT" Name="top.rbt"/>
  <File Type="BITSTR-NKY" Name="top.nky"/>
  <File Type="BITSTR-BMM" Name="top_bd.bmm"/>
  <File Type="BITSTR-MMI" Name="top.mmi"/>
  <File Type="PDI-FILE" Name="top.pdi"/>
  <File Type="BOOT-PDI-FILE" Name="top_boot.pdi"/>
  <File Type="PL-PDI-FILE" Name="top_pld.pdi"/>
  <File Type="RCFI_FILE" Name="top.rcfi"/>
  <File Type="CFI_FILE" Name="top.cfi"/>
  <File Type="RNPI_FILE" Name="top.rnpi"/>
  <File Type="NPI_FILE" Name="top.npi"/>
  <File Type="RBD_FILE" Name="top.rbd"/>
  <File Type="BITSTR-LTX" Name="debug_nets.ltx"/>
  <File Type="BITSTR-LTX" Name="top.ltx"/>
  <File Type="BITSTR-SYSDEF" Name="top.sysdef"/>
  <File Type="BG-BGN" Name="top.bgn"/>
  <File Type="BG-DRC" Name="top.drc"/>
  <File Type="RDI-RDI" Name="top.vdi"/>
  <File Type="WBT-USG" Name="usage_statistics_webtalk.html"/>
  <File Type="ROUTE-RQS" Name="top_routed.rqs"/>
  <File Type="POSTROUTE-PHYSOPT-RQS" Name="top_postroute_physopted.rqs"/>
  <File Type="ROUTE-RQS-RPT" Name="route_report_qor_suggestions_0.rpt"/>
  <File Type="POSTROUTE-PHYSOPT-RQS-RPT" Name="postroute_physopt_report_qor_suggestions_0.rpt"/>
  <FileSet Name="sources" Type="DesignSrcs" RelSrcDir="$PSRCDIR/sources_1" RelGenDir="$PGENDIR/sources_1">
    <Filter Type="Srcs"/>
    <File Path="$PSRCDIR/sources_1/imports/src/cpu.v">
      <FileInfo>
        <Attr Name="ImportPath" Val="$PPRDIR/../../../Gowin/projects/KRV32_SoC_V1/src/cpu.v"/>
        <Attr Name="ImportTime" Val="1746380264"/>
        <Attr Name="UsedIn" Val="synthesis"/>
        <Attr Name="UsedIn" Val="implementation"/>
        <Attr Name="UsedIn" Val="simulation"/>
      </FileInfo>
    </File>
    <File Path="$PSRCDIR/sources_1/imports/src/gpio_ip.v">
      <FileInfo>
        <Attr Name="ImportPath" Val="$PPRDIR/../../../Gowin/projects/KRV32_SoC_V1/src/gpio_ip.v"/>
        <Attr Name="ImportTime" Val="1746208001"/>
        <Attr Name="UsedIn" Val="synthesis"/>
        <Attr Name="UsedIn" Val="implementation"/>
        <Attr Name="UsedIn" Val="simulation"/>
      </FileInfo>
    </File>
    <File Path="$PSRCDIR/sources_1/imports/src/progmem.v">
      <FileInfo>
        <Attr Name="ImportPath" Val="$PPRDIR/../../../Gowin/projects/KRV32_SoC_V1/src/progmem.v"/>
        <Attr Name="ImportTime" Val="1746166662"/>
        <Attr Name="UsedIn" Val="synthesis"/>
        <Attr Name="UsedIn" Val="implementation"/>
        <Attr Name="UsedIn" Val="simulation"/>
      </FileInfo>
    </File>
    <File Path="$PSRCDIR/sources_1/imports/projects/KRV32_SoC_V3_pwm/src/pwm.v">
      <FileInfo>
        <Attr Name="ImportPath" Val="$PPRDIR/../../../Gowin/projects/KRV32_SoC_V3_pwm/src/pwm.v"/>
        <Attr Name="ImportTime" Val="1747055319"/>
        <Attr Name="UsedIn" Val="synthesis"/>
        <Attr Name="UsedIn" Val="implementation"/>
        <Attr Name="UsedIn" Val="simulation"/>
      </FileInfo>
    </File>
    <File Path="$PSRCDIR/sources_1/imports/projects/KRV32_SoC_V3_pwm/src/pwm_ip.v">
      <FileInfo>
        <Attr Name="ImportPath" Val="$PPRDIR/../../../Gowin/projects/KRV32_SoC_V3_pwm/src/pwm_ip.v"/>
        <Attr Name="ImportTime" Val="1747072780"/>
        <Attr Name="UsedIn" Val="synthesis"/>
        <Attr Name="UsedIn" Val="implementation"/>
        <Attr Name="UsedIn" Val="simulation"/>
      </FileInfo>
    </File>
    <File Path="$PSRCDIR/sources_1/imports/projects/KRV32_SoC_V3_pwm/src/regs_pwm.v">
      <FileInfo>
        <Attr Name="ImportPath" Val="$PPRDIR/../../../Gowin/projects/KRV32_SoC_V3_pwm/src/regs_pwm.v"/>
        <Attr Name="ImportTime" Val="1747072451"/>
        <Attr Name="UsedIn" Val="synthesis"/>
        <Attr Name="UsedIn" Val="implementation"/>
        <Attr Name="UsedIn" Val="simulation"/>
      </FileInfo>
    </File>
    <File Path="$PSRCDIR/sources_1/imports/src/regs_uart.v">
      <FileInfo>
        <Attr Name="ImportPath" Val="$PPRDIR/../../../Gowin/projects/KRV32_SoC_V1/src/regs_uart.v"/>
        <Attr Name="ImportTime" Val="1746208017"/>
        <Attr Name="UsedIn" Val="synthesis"/>
        <Attr Name="UsedIn" Val="implementation"/>
        <Attr Name="UsedIn" Val="simulation"/>
      </FileInfo>
    </File>
    <File Path="$PSRCDIR/sources_1/imports/projects/KRV32_SoC_V2/src/regs_uart_rx.v">
      <FileInfo>
        <Attr Name="ImportPath" Val="$PPRDIR/../../../Gowin/projects/KRV32_SoC_V2/src/regs_uart_rx.v"/>
        <Attr Name="ImportTime" Val="1746942314"/>
        <Attr Name="UsedIn" Val="synthesis"/>
        <Attr Name="UsedIn" Val="implementation"/>
        <Attr Name="UsedIn" Val="simulation"/>
      </FileInfo>
    </File>
    <File Path="$PSRCDIR/sources_1/imports/src/uart_ip.v">
      <FileInfo>
        <Attr Name="ImportPath" Val="$PPRDIR/../../../Gowin/projects/KRV32_SoC_V1/src/uart_ip.v"/>
        <Attr Name="ImportTime" Val="1746379511"/>
        <Attr Name="UsedIn" Val="synthesis"/>
        <Attr Name="UsedIn" Val="implementation"/>
        <Attr Name="UsedIn" Val="simulation"/>
      </FileInfo>
    </File>
    <File Path="$PSRCDIR/sources_1/imports/projects/KRV32_SoC_V2/src/uart_ip_rx.v">
      <FileInfo>
        <Attr Name="ImportPath" Val="$PPRDIR/../../../Gowin/projects/KRV32_SoC_V2/src/uart_ip_rx.v"/>
        <Attr Name="ImportTime" Val="1746942478"/>
        <Attr Name="UsedIn" Val="synthesis"/>
        <Attr Name="UsedIn" Val="implementation"/>
        <Attr Name="UsedIn" Val="simulation"/>
      </FileInfo>
    </File>
    <File Path="$PSRCDIR/sources_1/imports/projects/KRV32_SoC_V2/src/uart_rx.v">
      <FileInfo>
        <Attr Name="ImportPath" Val="$PPRDIR/../../../Gowin/projects/KRV32_SoC_V2/src/uart_rx.v"/>
        <Attr Name="ImportTime" Val="1746942513"/>
        <Attr Name="UsedIn" Val="synthesis"/>
        <Attr Name="UsedIn" Val="implementation"/>
        <Attr Name="UsedIn" Val="simulation"/>
      </FileInfo>
    </File>
    <File Path="$PSRCDIR/sources_1/imports/src/uart_tx.v">
      <FileInfo>
        <Attr Name="ImportPath" Val="$PPRDIR/../../../Gowin/projects/KRV32_SoC_V1/src/uart_tx.v"/>
        <Attr Name="ImportTime" Val="1746167988"/>
        <Attr Name="UsedIn" Val="synthesis"/>
        <Attr Name="UsedIn" Val="implementation"/>
        <Attr Name="UsedIn" Val="simulation"/>
      </FileInfo>
    </File>
    <File Path="$PSRCDIR/sources_1/imports/src/top.v">
      <FileInfo>
        <Attr Name="ImportPath" Val="$PPRDIR/../../../Gowin/projects/KRV32_SoC_V1/src/top.v"/>
        <Attr Name="ImportTime" Val="1746380333"/>
        <Attr Name="UsedIn" Val="synthesis"/>
        <Attr Name="UsedIn" Val="implementation"/>
        <Attr Name="UsedIn" Val="simulation"/>
      </FileInfo>
    </File>
    <File Path="$PSRCDIR/sources_1/new/firmware.mem">
      <FileInfo>
        <Attr Name="UsedIn" Val="synthesis"/>
        <Attr Name="UsedIn" Val="simulation"/>
      </FileInfo>
    </File>
    <Config>
      <Option Name="DesignMode" Val="RTL"/>
      <Option Name="TopModule" Val="top"/>
      <Option Name="TopAutoSet" Val="TRUE"/>
    </Config>
  </FileSet>
  <FileSet Name="constrs_in" Type="Constrs" RelSrcDir="$PSRCDIR/constrs_1" RelGenDir="$PGENDIR/constrs_1">
    <Filter Type="Constrs"/>
    <File Path="$PSRCDIR/constrs_1/new/krv32.xdc">
      <FileInfo>
        <Attr Name="UsedIn" Val="synthesis"/>
        <Attr Name="UsedIn" Val="implementation"/>
      </FileInfo>
    </File>
    <Config>
      <Option Name="TargetConstrsFile" Val="$PSRCDIR/constrs_1/new/krv32.xdc"/>
      <Option Name="ConstrsType" Val="XDC"/>
    </Config>
  </FileSet>
  <FileSet Name="utils" Type="Utils" RelSrcDir="$PSRCDIR/utils_1" RelGenDir="$PGENDIR/utils_1">
    <Filter Type="Utils"/>
    <File Path="$PSRCDIR/utils_1/imports/synth_1/top.dcp">
      <FileInfo>
        <Attr Name="UsedIn" Val="synthesis"/>
        <Attr Name="UsedIn" Val="implementation"/>
        <Attr Name="UsedInSteps" Val="synth_1"/>
        <Attr Name="AutoDcp" Val="1"/>
      </FileInfo>
    </File>
    <Config>
      <Option Name="TopAutoSet" Val="TRUE"/>
    </Config>
  </FileSet>
  <Strategy Version="1" Minor="2">
    <StratHandle Name="Vivado Implementation Defaults" Flow="Vivado Implementation 2024"/>
    <Step Id="init_design"/>
    <Step Id="opt_design"/>
    <Step Id="power_opt_design"/>
    <Step Id="place_design"/>
    <Step Id="post_place_power_opt_design"/>
    <Step Id="phys_opt_design"/>
    <Step Id="route_design"/>
    <Step Id="post_route_phys_opt_design"/>
    <Step Id="write_bitstream"/>
  </Strategy>
</GenRun>
